<?xml version="1.0" encoding="UTF-8"?>
<bundle>
<treeViewDefinitions xmlns="http://schema.caplin.com/CaplinTrader/treeViewDefinitions">
	<treeNodeMappings>
		<treeNodeMapping id="container" className="caplin.component.tree.RttpContainerTreeNode"/>
	</treeNodeMappings>
	
	<templates>
		<treeViewTemplate id="ASyncStandardTree" loadFolderContent="onExpand" animate="false" enableDrag="true" rootVisible="false" ddGroup="fxInstruments" nodeTextFields="InstrumentDescription">
			<folder id="Parent1" type="container" value="/CONTAINER/GRID/SIMPLE.SMALLEST" caption="Parent1">
				<folder id="Child1" type="container" value="/CONTAINER/GRID/SIMPLE.SMALLISH" caption="Child1" />
			</folder>
			<folder id="Parent2" type="container" value="/CONTAINER/GRID/SIMPLE.BIGISH" caption="Parent2">
				<folder id="Child2" type="container" value="/CONTAINER/GRID/SIMPLE.BIGER" caption="Child2" />
			</folder>
		</treeViewTemplate>

		<treeViewTemplate id="SyncStandardTree" loadFolderContent="onInitialize" animate="false" enableDrag="true" rootVisible="false" ddGroup="fxInstruments" nodeTextFields="InstrumentDescription">
			<folder id="Parent1" type="container" value="/CONTAINER/GRID/SIMPLE.SMALLEST" caption="Parent1">
				<folder id="Child1" type="container" value="/CONTAINER/GRID/SIMPLE.SMALLISH" caption="Child1" />
			</folder>
			<folder id="Parent2" type="container" value="/CONTAINER/GRID/SIMPLE.BIGISH" caption="Parent2">
				<folder id="Child2" type="container" value="/CONTAINER/GRID/SIMPLE.BIGER" caption="Child2" />
			</folder>
		</treeViewTemplate>
		
		<treeViewTemplate id="OneLevelSyncStandardTree" animate="false" loadFolderContent="onInitialize" trackMouseOver="false" enableDrag="true" rootVisible="false" ddGroup="fxInstruments" nodeTextFields="InstrumentDescription">
			<folder id="Parent1" type="container" value="/CONTAINER/GRID/SIMPLE.SMALLEST" caption="Parent1"/>
			<folder id="Parent2" type="container" value="/CONTAINER/GRID/SIMPLE.SMALLISH" caption="Parent2" />
		</treeViewTemplate>

		<treeViewTemplate id="ASyncHardCodedTree" loadFolderContent="onExpand" animate="false" enableDrag="true" rootVisible="false" ddGroup="fxInstruments" nodeTextFields="InstrumentDescription">
			<folder id="HardCoded" value="HardCoded" caption="HardCoded">
				<item value="/FX/GBPUSD" caption="GBPUSD"/>
				<item value="/FX/EURGBP" caption="EURGBP"/>
				<item value="/FX/AUDCAD" caption="AUDCAD"/>
				<item value="/FX/JPYUSD" caption="JPYUSD"/>
				<item value="/FX/GBPCAD" caption="GBPCAD"/>
			</folder>
		</treeViewTemplate>
		
		<treeViewTemplate id="SyncHardCodedTree" loadFolderContent="onInitialize" animate="false" enableDrag="true" rootVisible="false" ddGroup="fxInstruments" nodeTextFields="InstrumentDescription">
			<folder id="HardCoded" value="HardCoded" caption="HardCoded">
				<item value="/FX/GBPUSD" caption="GBPUSD"/>
				<item value="/FX/EURGBP" caption="EURGBP"/>
				<item value="/FX/AUDCAD" caption="AUDCAD"/>
				<item value="/FX/JPYUSD" caption="JPYUSD"/>
				<item value="/FX/GBPCAD" caption="GBPCAD"/>
			</folder>
		</treeViewTemplate>

		<treeViewTemplate id="TreeWithTenItemsAndTwoDeletes" animate="false" enableDrag="true" rootVisible="false" ddGroup="fxInstruments" nodeTextFields="InstrumentDescription">
			<folder id="GBBMK" type="container" value="/CONTAINER/FI/BMK/GBBMK" caption="Parent1">
			</folder>
		</treeViewTemplate>
		
		<treeViewTemplate id="OneThousandNodesTree" animate="false" enableDrag="true" rootVisible="false" ddGroup="fxInstruments" nodeTextFields="InstrumentDescription">
			<folder id="OneThousand" type="container" value="/CONTAINER/GRID/SIMPLE.BIGEST" caption="BigOne">
			</folder>
		</treeViewTemplate>
	</templates>
	
</treeViewDefinitions>
</bundle>
