<RateRenderer>
    <control name="caplin.renderer.TextControl"/>
    <downstream>

      <field>

        <formatter name="caplin.renderer.formatter.DecimalPlaceFormatter">
          <attributes>
            <dp>3</dp>
          </attributes> 
        </formatter>

        <formatter name="caplin.renderer.formatter.AmountShortcutFormatter">
        </formatter>

        <formatter name="caplin.renderer.formatter.ThousandsSeparatorFormatter">
          <attributes>
            <thousands-separator>{my.separator}</thousands-separator>
          </attributes> 
        </formatter>

        <formatter name="caplin.renderer.formatter.NegativeFormatter">
          <defaults>
            <mask>(*)</mask>
          </defaults> 
        </formatter>

        <formatter name="caplin.renderer.formatter.LocalNumberFormatter">
        </formatter>

      </field>

    </downstream>

</RateRenderer>
