<RendererDefinitions>
	
  <RateRenderer>
    <control name="caplin.renderer.Control"/>
    <downstream>
      <field>
        <formatter name="caplin.renderer.formatter.DecimalPlaceFormatter">
          <attributes>
            <dp>${DP}</dp>
          </attributes>
        </formatter>
        <styler name="caplin.renderer.styler.FlashStyler"/>
      </field>
    </downstream>
  </RateRenderer>
  
  <TradableRateRenderer>
    <control name="caplin.renderer.Control"/>
    <downstream>
      <field>
        <formatter name="caplin.renderer.formatter.DecimalPlaceFormatter">
          <attributes>
            <dp>${dp}</dp>
          </attributes>
        </formatter>
        <formatter name="caplin.renderer.formatter.DecimalPlaceFormatter"/>
        <styler name="caplin.renderer.styler.FlashStyler"/>
      </field>
    </downstream>
	<transform>
      <styler name="caplin.renderer.styler.StaleStyler"/>
      <styler name="caplin.renderer.styler.TradableRateStyler"/>
	</transform>
  </TradableRateRenderer>
  
  <FxTradableRateRenderer>
    <inherits>TradableRateRenderer</inherits>
    <upstream>
      <handler name="caplin.renderer.handler.OnClickOpenFxTicketHandler"/>
    </upstream>
  </FxTradableRateRenderer>
  
  <FiTradableRateRenderer>
    <inherits>TradableRateRenderer</inherits>
    <upstream>
      <handler name="caplin.renderer.handler.OnClickOpenFiTicketHandler"/>
    </upstream>
  </FiTradableRateRenderer>
  
  <AmountRenderer>
    <control name="caplin.renderer.Control"/>
    <downstream>
      <field>
        <formatter name="caplin.renderer.formatter.DecimalPlaceFormatter">
          <attributes>
            <dp>${dp}</dp>
          </attributes>
        </formatter>
        <formatter name="caplin.renderer.formatter.CommaFormatter">
          <attributes>
            <comma>${preferences.format.amount-comma-separator}</comma>
          </attributes>
        </formatter>
        <formatter name="caplin.renderer.formatter.NegativeFormatter"/>
      </field>
    </downstream>
    <upstream>
      <handler name="caplin.renderer.handler.OnChangeHandler"/>
      <handler name="caplin.renderer.handler.SetModelHandler"/>
      <parser name="caplin.renderer.parser.AmountShortcutParser">
        <attributes>
          <billion>${preferences.format.amount-billion-shortcut}</billion>
          <million>${preferences.format.amount-million-shortcut}</million>
          <thousand>${preferences.format.amount-thousand-shortcut}</thousand>
        </attributes>
      </parser>
      <parser name="caplin.renderer.parser.CommaParser">
        <attributes>
          <comma>${preferences.format.amount-comma-separator}</comma>
        </attributes>
      </parser>
      <formatter name="caplin.renderer.parser.NegativeFormatter"/>
    </upstream>
  </AmountRenderer>
  
  <NumericRangeRenderer>
    <downstream>
      <field type="[low,high]">
        <formatter name="caplin.renderer.formatter.DecimalPlaceFormatter"/>
      </field>
    </downstream>
    <upstream>
      <handler name="caplin.renderer.handler.SetModelHandler"/>
    </upstream>
  </NumericRangeRenderer>
  
  <DateRangeRenderer>
    <downstream input="[low,high]">
      <field>
        <formatter name="caplin.renderer.formatter.DateFormatter">
          <attributes>
            <model-locale>${server.locale}</model-locale>
            <model-format>${server.format.date}</model-format>
            <view-locale>${preferences.locale}</view-locale>
            <view-format>${preferences.format.date}</view-format>
          </attributes>
        </formatter>
      </field>
    </downstream>
    <upstream>
      <handler name="caplin.renderer.handler.SetModelHandler"/>
    </upstream>
  </DateRangeRenderer>
  
  <DurationRenderer>
    <downstream input="[startDate,duration]">
      <field name="startDate">
        <formatter name="caplin.renderer.formatter.DateFormatter">
          <attributes>
            <model-locale>${server.locale}</model-locale>
            <model-format>${server.format.date}</model-format>
            <view-locale>${preferences.locale}</view-locale>
            <view-format>${preferences.format.date}</view-format>
          </attributes>
        </formatter>
      </field>
      <field name="duration">
        <formatter name="caplin.renderer.formatter.UnitsFormatter">
          <attributes>
            <factor>${server.duration.units-per-second}</factor>
          </attributes>
        </formatter>
      </field>
    </downstream>
    <upstream>
      <field name="startDate">
        <parser name="caplin.renderer.parser.DateParser">
          <attributes>
            <model-locale>${server.locale}</model-locale>
            <model-format>${server.format.date}</model-format>
            <view-locale>${preferences.locale}</view-locale>
            <view-format>${preferences.format.date}</view-format>
          </attributes>
        </parser>
      </field>
      <field name="duration">
        <parser name="caplin.renderer.parser.UnitsParser">
          <attributes>
            <factor>${server.duration.units-per-second}</factor>
          </attributes>
        </parser>
      </field>
    </upstream>
  </DurationRenderer>
  
</RendererDefinitions>