<?xml version="1.0" encoding="UTF-8"?>
<bundle>
 <gridDefinitions xmlns="http://schema.caplin.com/CaplinTrader/gridDefinitions">
	<dataProviderMappings>
		<dataProviderMapping id="rttpContainerGridDataProvider" className="caplin.grid.RttpContainerGridDataProvider"/>
		<dataProviderMapping id="scriptableGridDataProvider" className="demo.dataprovider.ScriptableDataProvider"/>
		<dataProviderMapping id="personalGridDataProvider" className="caplin.grid.PersonalGridDataProvider"/>
		<dataProviderMapping id="webServiceGridDataProvider" className="caplin.grid.WebServiceGridDataProvider"/>
		<dataProviderMapping id="expandableRowGridDataProvider" className="caplin.grid.dataprovider.expandable.ExpandableRowGridDataProvider"/>
	</dataProviderMappings>
	
	<decoratorMappings>
		<decoratorMapping id="dragDecorator" className="caplin.grid.decorator.DragDecorator"/>
		<decoratorMapping id="groupHeaderDecorator" className="caplin.grid.decorator.GroupHeaderDecorator"/>
		<decoratorMapping id="columnReorderingDecorator" className="caplin.grid.decorator.ColumnReorderingDecorator"/>
		<decoratorMapping id="columnSortDecorator" className="caplin.grid.decorator.ColumnSortDecorator"/>
		<decoratorMapping id="columnMenuDecorator" className="caplin.grid.decorator.ColumnMenuDecorator"/>
		<decoratorMapping id="columnReorderingDecorator" className="caplin.grid.decorator.ColumnReorderingDecorator"/>
		<decoratorMapping id="selectionDecorator" className="caplin.grid.decorator.SelectionDecorator"/>
	</decoratorMappings>
	
	<templates>
		<gridTemplate id="All">
			<decorators>
				<dragDecorator/>
			</decorators>
		</gridTemplate>
		
		<gridTemplate id="Sortable">
			<decorators>
				<columnSortDecorator/>
				<columnMenuDecorator/>
				<columnReorderingDecorator/>
			</decorators>
		</gridTemplate>
		
		<gridTemplate id="TEST" displayedColumns="description, mat, cpn">
			<columnDefinitions>
				<column id="description" fields="Description" displayName="Description" width="100"/>
						<column id="ccy" fields="Currency" displayName="Ccy" width="50"/>
						<column id="cpn" fields="CpnRate" displayName="Coupon" width="40"/>
						<column id="mat" fields="MaturityDate" displayName="Maturity Date" width="90"/>
						<column id="price" fields="BidPrice,AskPrice" displayName="Price" width="130"/>
						<column id="bidyield" fields="BidYield" displayName="Bid Yield" width="60"/>
						<column id="askyield" fields="AskYield" displayName="Ask Yield" width="60"/>
			</columnDefinitions>
		</gridTemplate>	 

		<gridTemplate id="GRID" displayedColumns="description, bid">
			<columnDefinitions>
				<column id="description" fields="InstrumentDescription" displayName="Description" width="100"/>
				<column id="bid" fields="BID" displayName="Bid" width="50"/>
			</columnDefinitions>
		</gridTemplate>
		
		<gridTemplate id="STANDARD.FI" displayedColumns="description, price, bidyield, askyield, mat, cpn">
			<columnDefinitions>
				<column id="description" fields="Description" displayName="Description" width="100"/>
				<column id="ccy" fields="Currency" displayName="Ccy" width="50"/>
				<column id="cpn" fields="CpnRate" displayName="Coupon" width="40"/>
				<column id="mat" fields="MaturityDate" displayName="Maturity Date" width="90"/>
				<column id="price" fields="BidPrice,AskPrice" displayName="Price" width="130"/>
				<column id="bidyield" fields="BidYield" displayName="Bid Yield" width="60"/>
				<column id="askyield" fields="AskYield" displayName="Ask Yield" width="60"/>
			</columnDefinitions>
		</gridTemplate>
	</templates>
	
	<grids>
		<grid id="FX.Expandable" displayName="Small Test Grid" baseTemplate="GRID">			
			<decorators>	
				<columnReorderingDecorator/>		
			</decorators>
			
			<columnDefinitions>
				<column id="description" fields="InstrumentDescription" displayName="Currency" width="80" mandatory="true" primaryFieldType="text"	cellRenderer="expandable"/>
				<column id="magicdescription" fields="MagicInstrumentDescription" displayName="Child Currency" width="90" mandatory="true" cellRenderer="expandable"/>
			</columnDefinitions>
			<gridRowModel>
				<expandableRowGridDataProvider>
					<gridDataProvider type="scriptableGridDataProvider" id="scriptableGridDataProvider"/>
					<childRowDataProvider class="caplin.grid.dataprovider.expandable.ContainerChildRowDataProvider" config="demo.dataprovider.ContainerChildRowConfig"/>
				</expandableRowGridDataProvider>
			</gridRowModel>		
		</grid>
		
		<grid id="FX.Exp2" displayName="Custom Expand" baseTemplate="fxGrid" displayedColumns="description,magicdescription,bestbid,bestask,rate">
   			<columnDefinitions>
				<column id="description" fields="InstrumentDescription" displayName="Currency" width="80" mandatory="true" primaryFieldType="text" cellRenderer="expandable"/>
				<column id="magicdescription" fields="MagicInstrumentDescription" displayName="Child Currency" width="90" mandatory="true"/>
			</columnDefinitions>
			<gridRowModel>
 				<expandableRowGridDataProvider>
					<gridDataProvider type="scriptableGridDataProvider" id='majors'/>
					<childRowDataProvider class="demo.dataprovider.expandable.ScriptableChildRowDataProvider" parentid="majors" config="MagicInstrumentDescription"/>
				</expandableRowGridDataProvider>
			</gridRowModel>
		</grid>


		<grid id="RENDERERS" displayName="Small Test Grid" baseTemplate="GRID" displayedColumns="description, bid, bidV4"> 
			<decorators>
			</decorators>
			<gridRowModel>
				<rttpContainerGridDataProvider container="/CONTAINER/GRID/SIMPLE.BIG"/>
			</gridRowModel>
			<columnDefinitions>
				<column id="description" fields="InstrumentDescription" displayName="Description" width="100"/>
				<column id="bid" fields="BID" displayName="Bid" width="50"/>
				<column id="bidV4" cellRenderer="text" fields="BID" displayName="BidV4" width="50"/>
			</columnDefinitions>
		</grid>

		<grid id="SIMPLE.SMALL" displayName="Small Test Grid" baseTemplate="GRID">
			<gridRowModel>
				<rttpContainerGridDataProvider container="/CONTAINER/GRID/SIMPLE.SMALL"/>
			</gridRowModel>
		</grid>

		<grid id="SIMPLE.BIG" displayName="Big Test Grid" baseTemplate="GRID">
			<gridRowModel>
				<rttpContainerGridDataProvider container="/CONTAINER/GRID/SIMPLE.BIG"/>
			</gridRowModel>
		</grid>
		
		<grid id="SingleSelect" displayName="Single-Select" baseTemplate="SIMPLE.BIG">
			<decorators>
				<selectionDecorator singleSelection="true"/>
			</decorators>
		</grid>
		
		<grid id="MultiSelect" displayName="Multi-Select" baseTemplate="SIMPLE.BIG">
			<decorators>
				<selectionDecorator/>
			</decorators>
			<columnDefinitions>
				<column id="bid" headerRenderer="numericRangeFilter"/>
			</columnDefinitions>
		</grid>
		
		<grid id="PersonalMultiSelect" displayName="Personal Grid" baseTemplate="MultiSelect">
			<gridRowModel>
				<personalGridDataProvider>
					<record instrument="/GRID/Record11"/>
					<record instrument="/GRID/Record12"/>
					<record instrument="/GRID/Record13"/>
					<record instrument="/GRID/Record14"/>
					<record instrument="/GRID/Record15"/>
					<record instrument="/GRID/Record16"/>
				</personalGridDataProvider>
			</gridRowModel>
		</grid>
		
		<grid id="MISSINGDATA.SMALL" displayName="Small Test Grid" baseTemplate="GRID">
			<gridRowModel>
				<rttpContainerGridDataProvider container="/CONTAINER/GRID/MISSINGDATA.SMALL"/>
			</gridRowModel>
		</grid>
		<grid id="MISSINGDATA.BIG" displayName="Big Test Grid" baseTemplate="GRID">
			<gridRowModel>
				<rttpContainerGridDataProvider container="/CONTAINER/GRID/MISSINGDATA.BIG"/>
			</gridRowModel>
		</grid>
		<grid id="PCTD903" displayName="Grid Bug - PCTD-903" baseTemplate="STANDARD.FI">
			<gridRowModel>
				<rttpContainerGridDataProvider container="/CONTAINER/FI/ALL"/>
			</gridRowModel>
		</grid>
		<grid id="PCTD938" displayName="Grid Bug - PCTD-938" baseTemplate="STANDARD.FI">
			<columnDefinitions>
				<column id="bidyield" headerRenderer="numericRangeFilter"/>
			</columnDefinitions>
			<gridRowModel>
				<rttpContainerGridDataProvider container="/CONTAINER/FI/BMK/GBBMK"/>
			</gridRowModel>
		</grid>
        <grid id="INSERTION" displayName="Grid Filtering Test" baseTemplate="STANDARD.FI">
			<gridRowModel>
				<rttpContainerGridDataProvider container="/CONTAINER/FI/ALL"/>
			</gridRowModel>
		</grid>
        <grid id="LIVE.FILTER" displayName="Live Filtering" baseTemplate="All" displayedColumns="description, bestbid, bestask">
			<gridRowModel transformMode="live">
                <rttpContainerGridDataProvider container="/SCRIPTED/DEMO"/>
                <sortRule field="Description" order="ascending"/>
            </gridRowModel>
            <columnDefinitions>
                <column id="description" fields="Description" displayName="Description" width="200" primaryFieldType="tenor" mandatory="true"/>
                <column id="bestbid" fields="BestBid" displayName="Bid" width="120" mandatory="true" headerRenderer="numericRangeFilter"/>
                <column id="bestask" fields="BestAsk" displayName="Ask" width="120" mandatory="true" headerRenderer="numericRangeFilter"/>
            </columnDefinitions>            
		</grid>
		<gridTemplate id="PERSONAL.GRID" displayedColumns="remove, description, rate">
			<decorators>
				<dragDecorator ddGroup="fxInstruments" />
			</decorators>
			<columnDefinitions>
				<column id="remove" cellRenderer="text" fields="ILikeBigButts" displayName="X" width="20" mandatory="true" />
				<column id="description" cellRenderer="text" fields="InstrumentDescription" displayName="Currency" width="90" mandatory="true" />
				<column id="rate" cellRenderer="fx-spread" fields="BestBid,BestAsk" displayName="Rate" width="115"/>
				<column id="bestbid" cellRenderer="fx-price" fields="BestBid" displayName="Bid" width="100"/>
				<column id="bestask" cellRenderer="fx-price" fields="BestAsk" displayName="Ask" width="100"/>		
			</columnDefinitions>
			<gridRowModel>
				<personalGridDataProvider></personalGridDataProvider>
			</gridRowModel>
		</gridTemplate>
		
		<grid id="GROUP.BY.HEADERS" displayedColumns="category, date, value">
			<gridRowModel>
				<webServiceGridDataProvider url="group-by-headers.js"/>
			</gridRowModel>
			<columnDefinitions>
				<column id="category" fields="category,subHeaderText" mandatory="true"/>
				<column id="date" fields="date"/>
				<column id="value" fields="value"/>
			</columnDefinitions>
			<decorators>
				<groupHeaderDecorator headerTextField="subHeaderText"/>
			</decorators>
		</grid>	
		
		<grid id="MULTISOURCE" baseTemplate="Sortable" displayedColumns="object name, trade id, instrument, status, buysell, amount, trade date, account, timestamp">
			<gridRowModel transformMode="live">
				<rttpContainerGridDataProvider container="/MULTISOURCE/CONTAINER"/>
			</gridRowModel>
 			<columnDefinitions>
				<column id="object name" cellRenderer="text" fields="DSPLY_NAME" primaryFieldType="text" width="250"/>
				<column id="trade id" cellRenderer="text" fields="TradeID" primaryFieldType="number"/>
				<column id="instrument" cellRenderer="text" fields="L1_Instrument" primaryFieldType="text"/>
				<column id="status" cellRenderer="text" fields="Status" primaryFieldType="text"/>
				<column id="buysell" cellRenderer="text" fields="BuySell" primaryFieldType="text"/>
				<column id="amount" cellRenderer="text" fields="L1_Amount" primaryFieldType="number"/>
				<column id="trade date" cellRenderer="text" fields="TradeDate" primaryFieldType="text"/>
				<column id="account" cellRenderer="text" fields="Account" primaryFieldType="text"/>
				<column id="timestamp" cellRenderer="text" fields="TimeStamp" primaryFieldType="number"/>
			</columnDefinitions>
		</grid>	
	</grids>
</gridDefinitions>
<rendererDefinitions>

	<renderer name="expandable">
		<control name="caplin.control.basic.TextControl">
			<handler name="demo.renderer.handler.ExpandableRowHandler"/>
		</control>
		<downstream>
			<transform name="caplin.element.formatter.NullValueFormatter">
				<attribute name="nullValue" value=""/>
			</transform>
			<transform name="demo.element.styler.ExpandableRowStyler">
				<attribute name="instrument" value="${InstrumentDescription}" />
				<attribute name="parentRowId" value="${ParentRowId}"/>
				<attribute name="expandedRowId" value="${ExpandedRowId}"/>
				<attribute name="rowState" value="${RowState}"/>
				<attribute name="expandableClass" value="expandableRow"/>
				<attribute name="expandableExpandedClass" value="expandableRowExpanded"/>
				<attribute name="childClass" value="expandedChildRow"/>
				<attribute name="lastChildClass" value="lastExpandedChildRow"/>
			</transform>
		</downstream>
	</renderer>
	
	<renderer type="text">
		<control name="caplin.control.basic.TextControl"/> 
		<downstream>
			<transform name="caplin.element.formatter.NullValueFormatter">
				<attribute name="nullValue" value=""/>
			</transform>
			<transform name="caplin.element.styler.FlashStyler">
				<attribute name="duration" value="500"/>
				<attribute name="color-up" value="green"/>
				<attribute name="color-down" value="red"/>
			</transform>
			<transform name="caplin.element.styler.StaleStyler">
				<attribute name="recordStatus" value="${RECORD_STATUS}" />
				<attribute name="class-stale" value="stale" />
			</transform>
<!--			
			<transform name="caplin.element.formatter.DecimalFormatter">
				<attribute name="dp" value="0"/>
			</transform>
-->			
		</downstream>
	</renderer>	

</rendererDefinitions>

</bundle>