<RendererTypes>

	<renderer name="expandable">
		<control name="caplin.control.basic.TextControl">
			<handler name="demo.renderer.handler.ExpandableRowHandler"/>
		</control>
		<downstream>
			<transform name="caplin.element.formatter.NullValueFormatter">
				<attribute name="nullValue" value=""/>
			</transform>
			<transform name="demo.element.styler.ExpandableRowStyler">
				<attribute name="instrument" value="${InstrumentDescription}" />
				<attribute name="parentRowId" value="${ParentRowId}"/>
				<attribute name="expandedRowId" value="${ExpandedRowId}"/>
				<attribute name="rowState" value="${RowState}"/>
				<attribute name="expandableClass" value="expandableRow"/>
				<attribute name="expandableExpandedClass" value="expandableRowExpanded"/>
				<attribute name="childClass" value="expandedChildRow"/>
				<attribute name="lastChildClass" value="lastExpandedChildRow"/>
			</transform>
		</downstream>
	</renderer>
	
	<renderer type="text">
		<control name="caplin.control.basic.TextControl"/> 
		<downstream>
			<transform name="caplin.element.formatter.NullValueFormatter">
				<attribute name="nullValue" value=""/>
			</transform>
			<transform name="caplin.element.styler.FlashStyler">
				<attribute name="duration" value="500"/>
				<attribute name="color-up" value="green"/>
				<attribute name="color-down" value="red"/>
			</transform>
			<transform name="caplin.element.styler.StaleStyler">
				<attribute name="recordStatus" value="${RECORD_STATUS}" />
				<attribute name="class-stale" value="stale" />
			</transform>
<!--			
			<transform name="caplin.element.formatter.DecimalFormatter">
				<attribute name="dp" value="0"/>
			</transform>
-->			
		</downstream>
	</renderer>	

</RendererTypes>