<?xml version="1.0" encoding="UTF-8"?>
<bundle>
	<gridDefinitions xmlns="http://schema.caplin.com/CaplinTrader/gridDefinitions">
		<dataProviderMappings>
			<dataProviderMapping id="rttpContainerGridDataProvider" className="caplin.grid.RttpContainerGridDataProvider" />
			<dataProviderMapping id="invalidDataProvider" className="MockDataProvider" />
		</dataProviderMappings>
		
		<templates>
			<gridTemplate id="All" defaultHeaderControlRenderer="filterableColumn">
			</gridTemplate>
	
			<gridTemplate id="MiniFX" baseTemplate="All" displayedColumns="bestbid, bestask">
				<columnDefinitions>
					<column id="bestbid" controlRenderer="caplin.dom.renderer.TextElementRenderer" fields="BestBid" displayName="Bid" width="100"/>
					<column id="bestask" controlRenderer="caplin.dom.renderer.TextElementRenderer" fields="BestAsk" displayName="Ask" width="100"/>
				</columnDefinitions>
			</gridTemplate>
		</templates>
		
		<grids>		
			<grid id="InvalidDataProvider" displayName="Minor FX" baseTemplate="All">
				<columnDefinitions>
					<column id="bestbid" controlRenderer="caplin.dom.renderer.TextElementRenderer" fields="f1 , f2" displayName="c1" width="99"/>
				</columnDefinitions>
				<gridRowModel>
					<invalidDataProvider container="/CONTAINER/FX/Minor" />
				</gridRowModel>
				
			</grid>
			<grid id="FX.European" displayName="Euro-FX" baseTemplate="MiniFX">
					<gridRowModel>
						<rttpContainerGridDataProvider container="/CONTAINER/FX/European" />
					</gridRowModel>
			</grid>		
		</grids>
	</gridDefinitions>
	
	<deckDefinitions xmlns="http://schema.caplin.com/CaplinTrader/deckDefinitions">

		<deckDefinition id="StandardDeck">
			<deckHeader title="Header Title">
			 	<simpleComponent src="templates/DeckHeader.html" />
			</deckHeader>
			<cards>
				<card type="jenny" title="Card Title 1">
				<simpleComponent src="templates/DeckHeader.html" />
				</card>
				<card type="angie" title="Card Title 2"><simpleComponent src="templates/DeckHeader.html" /></card>
				<card type="lucy" title="Card Title 3"><simpleComponent src="templates/DeckCard.html" /></card>
				<card type="eve" title="Card Title 4"><simpleComponent src="templates/DeckCard.html" /></card>
				<card type="sarah" title="Card Title 5"><simpleComponent src="templates/DeckCard.html" /></card>
				<card type="kate" title="Card Title 6"><simpleComponent src="templates/DeckCard.html" /></card>
				<card type="deborah" collapsed="true" title="Card Title 7"><simpleComponent src="templates/DeckCard.html" /></card>
				<card type="abby" collapsed="true" title="Card Title 8"><simpleComponent src="templates/DeckCard.html" /></card>
			</cards>
		</deckDefinition>
	
	</deckDefinitions>
	
</bundle>