<Application drag_container="//*[@id='application-layout']" maximize_target="/Application/GUI"
	auto_size="true" auto_save="false">
	
	<Login_preferences theme="caplin-trader">
		<preferences selected_page="4" load_pages="4"/>
	</Login_preferences>
	<user name="user1" first_name="Yooser" last_name="Won">
		<state/>
		<Login id="2" login_name="user1" app_name="heswell"/>
	</user>

		<Declarations>

			<showDialog id="the-dialog">
				<TestDialog top="100" left="650" width="390" height="400" caption="Dialogger"
					modal="false" recycle="false" singleton="false">
					<Stack>
						<Decorators>
							<Border border_top_width="5" border_left_width="10"/>
							<Tabstrip handle_height="28"/>
							<Handle align="bottom" handle_height="35">
								<Button identifier="test1" caption="Launch" auto_size="true" default="true" top="5" height="22" tooltip="Log in" style="edgy">
									<showDialog xref="#the-dialog"/>
								</Button>
								<Button identifier="test2" caption="Cancel" auto_size="true" top="5" height="22" tooltip="Cancel changes and close dialog" style="edgy">
									<methodCall method_name="close" target="%component%"/>
								</Button>
							</Handle>
							<Border style="ruler" border_bottom_width="2"/>	
						</Decorators>
						<Panel caption="Dialog">
							<![CDATA[
								<div>
									<p>Use the fields below to configure the Dialog to your liking, then click launch.</p>
									<div style="position:relative;width:300px;background-color:#dddddd">
										<div class="border-top" style="position:absolute;top:0px;left:0px;width:190px;height:10px;background:url(images/login/panel-border-top.gif) top left"></div>
										<div class="border-right" style="position:absolute;top:0px;right:0px;width:10px;height:90px;background:url(images/login/panel-border-right.gif) top left"></div>
										<div class="border-bottom" style="position:absolute;bottom:0px;left:10px;width:190px;height:10px;background:url(images/login/panel-border-bottom.gif) top right"></div>
										<div class="border-left" style="position:absolute;top:10px;left:0px;width:10px;height:90px;background:url(images/login/panel-border-left.gif) bottom left"></div>
										<br/>
										<br/>
										<div style="padding-left:10px;position:relative;top:-15px;">
											<dl class="webcentric Button">
												<dt>id</dt><dd>remember-user</dd>
												<dt>height</dt><dd>15</dd>
												<dt>width</dt><dd>15</dd>
												<dt>img</dt><dd>%theme%/images/Button/checkbox.gif</dd>
												<dt>align</dt><dd>left</dd>
												<dt>state</dt><dd>{boolean(../../Decorators/Handle/Button/showDialog/*/@modal='true')}</dd>
												<dl class="setvalue">
													<dt>state</dt><dl>on</dl>
													<dt>ref</dt><dd>../../Decorators/Handle/Button/showDialog/*/@modal</dd>
													<dt>value</dt><dd>'false'</dd>
												</dl>
												<dl class="setvalue">
													<dt>state</dt><dl>off</dl>
													<dt>ref</dt><dd>../../Decorators/Handle/Button/showDialog/*/@modal</dd>
													<dt>value</dt><dd>'true'</dd>
												</dl>
											</dl>
											<span style="font-weight:bold;position:relative;top:0px;left:3px;">modal</span>
										</div>	
										
										<br/>
										<div style="padding-left:10px;position:relative;top:-15px;">
											<dl class="webcentric Button">
												<dt>height</dt><dd>15</dd>
												<dt>width</dt><dd>15</dd>
												<dt>img</dt><dd>%theme%/images/Button/checkbox.gif</dd>
												<dt>align</dt><dd>left</dd>
												<dt>state</dt><dd>{boolean(../../Decorators/Handle/Button/showDialog/*/@singleton='true')}</dd>
												<dl class="setvalue">
													<dt>state</dt><dl>off</dl>
													<dt>ref</dt><dd>../../Decorators/Handle/Button/showDialog/*/@singleton</dd>
													<dt>value</dt><dd>'true'</dd>
												</dl>
											</dl>
											<span style="font-weight:bold;position:relative;top:0px;left:3px;">singleton</span><span style="padding-left:10px;">(enter identifier below) </span>
										</div>	
										<br/>
										<div style="padding-left:10px;position:relative;top:-15px;">
											<dl class="webcentric Button">
												<dt>height</dt><dd>15</dd>
												<dt>width</dt><dd>15</dd>
												<dt>img</dt><dd>%theme%/images/Button/checkbox.gif</dd>
												<dt>align</dt><dd>left</dd>
												<dt>state</dt><dd>{boolean(../../Decorators/Handle/Button/showDialog/*/@recycle='true')}</dd>
												<dl class="setvalue">
													<dt>state</dt><dl>off</dl>
													<dt>ref</dt><dd>../../Decorators/Handle/Button/showDialog/*/@recycle</dd>
													<dt>value</dt><dd>'true'</dd>
												</dl>
											</dl>
											<span style="font-weight:bold;position:relative;top:0px;left:3px;">recyclable</span>
										</div>	
										<br/>
										<div style="padding-left:10px;position:relative;top:-15px;">
											<dl class="webcentric Button">
												<dt>height</dt><dd>15</dd>
												<dt>width</dt><dd>15</dd>
												<dt>img</dt><dd>%theme%/images/Button/checkbox.gif</dd>
												<dt>align</dt><dd>left</dd>
											</dl>
											<span style="font-weight:bold;position:relative;top:0px;left:3px;">use timeout</span><span style="padding-left:10px;">(20 second delay)</span>
										</div>	
										<br/>
										<dl class="webcentric TextBox">
											<dt>identifier</dt><dd>layout_name</dd>
											<dt>width</dt><dd>150</dd>
											<dt>height</dt><dd>18</dd>
											<dt>align</dt><dd>left</dd>
											<dt>tooltip</dt><dd>Enter name for saved layout</dd>
											<dt>bind</dt><dd>./@user_name</dd>
										</dl>
									</div>
								</div>
							]]>
						</Panel>
						<Panel caption="Alert" background="yellow">

						</Panel>
						<Panel caption="Confirm" background="cornflowerblue">
							
						</Panel>
						<Panel caption="Prompt" background="ivory">
							
						</Panel>
					</Stack>
				</TestDialog> 
			</showDialog>	

			<Decorators id="basicDecorator">
				<Handle handle_height="19" drag_action="SNAP_FRAMEITEM" drop_target="SNAP_FRAMEITEM"
					context="handle">
					<Button top="2" width="35" height="24" img="dialog.gif" tooltip="Launch a Dialog">
						<showDialog xref="//*[@id='the-dialog']"/>
					</Button>
					<Button top="2" width="24" height="24" img="%theme%/images/Button/minimize.png"
						toggle_states="false true" toggle_state="false" tooltip="Minimize component">
						<setvalue ref="../../../@minimized" value="{@toggle_state}"/>
					</Button>
					<Button caption="X" width="24" height="24">
						<close ref="../../.."/>
					</Button>	
				</Handle>
			</Decorators>

			<Decorators id="stackDecorator">
				<Tabstrip id="defaultTabstrip" handle_height="19" drag_action="SNAP_FRAMEITEM"
					drop_target="SNAP_FRAMEITEM" context="handle"
					tab_close_img="%theme%/images/Button/tab_close.gif">
					<Button top="2" width="24" height="24" img="%theme%/images/Button/minimize.png"
						toggle_states="false true" toggle_state="false" tooltip="Minimize component">
						<setvalue ref="../../../@minimized" value="{@toggle_state}"/>
					</Button>
				</Tabstrip>
			</Decorators>

			<Decorators id="dialogDecorator">
				<Border style="dropshadow" border_right_width="16" border_bottom_width="18" />
				<Border style="dialogouter" border_left_width="1" border_right_width="1" border_bottom_width="1" border_top_width="1" color="#000"/>
				<Border style="dialoginner" border_left_width="2" border_right_width="2" border_bottom_width="2" border_top_width="2" color="#000"/>
				<Handle style="dialog" handle_height="25" align="top" drag_action="MDI_DRAG" drag_container="GUI">
					<Button width="12" height="12" img="%theme%/images/handle/buttons/ButtonPanelClose.png" tooltip="Close Panel">
						<close ref="../../.."/>
					</Button>
				</Handle>
			</Decorators>

			<Decorators id="dragDecorator">
				<Border style="drag" border_left_width="11" border_right_width="16"
					border_bottom_width="18"/>
				<Handle handle_height="28" drag_action="SNAP_FRAMEITEM" drop_target="SNAP_FRAMEITEM"
					context="handle"/>
			</Decorators>

			<Splitters>
				<Splitter align="horizontal" fixed_size="true" height="10"/>
				<Splitter align="vertical" fixed_size="true" width="10"/>
			</Splitters>

			<ContextMenu>
				<MenuItems>
				</MenuItems>
			</ContextMenu>
		</Declarations>
		
		<GUI padding="10">
			<Decorators>
				<ToolBar handle_height="30">
					<Button caption="Add" height="18" width="25">
						<addComponent>
							<Panel caption="new panel" background="black" height="200" decorators="basicDecorator"/>							
						</addComponent>
					</Button>
				</ToolBar>
			</Decorators>
			<FrameItems>
				<Stack id="application-layout">
					<FrameItems>
					<Page id="4" page_type_id="2" name="Pack CaplinTrader" path="" caption="Pack CaplinTrader">
						<Tower splitters="true">
							<FrameItems>
								<Terrace splitters="true">
									<FrameItems>
										<Panel caption="Trade Panel" height="150" width="400" background="#4E4E44" drop_target="SNAP_FRAMEITEM" decorators="basicDecorator"/>
										<Tower splitters="true">
											<FrameItems>
												<Panel caption="Major" width="200" drop_target="SNAP_FRAMEITEM" background="red" decorators="basicDecorator"/>
												<Stack height="150" decorators="stackDecorator">
													<FrameItems>
														<Panel caption="G8"	drop_target="SNAP_FRAMEITEM" background="yellow" decorators="basicDecorator"/>
														<Panel caption="Emerging" height="120" drop_target="SNAP_FRAMEITEM" background="#FFF" decorators="basicDecorator"/>
													</FrameItems>
												</Stack>
											</FrameItems>
										</Tower>
										<Tower splitters="true">
											<FrameItems>
												<Stack height="150" decorators="stackDecorator">
													<FrameItems>
														<Panel caption="SE Asia" drop_target="SNAP_FRAMEITEM" background="#FFF" decorators="basicDecorator"/>
														<Panel caption="S Asia" height="120" drop_target="SNAP_FRAMEITEM" background="#FFF" decorators="basicDecorator"/>
													</FrameItems>
												</Stack>
												<Stack height="150" decorators="stackDecorator">
													<FrameItems>
														<Panel caption="Europe" drop_target="SNAP_FRAMEITEM" background="#FFF" decorators="basicDecorator"/>
														<Panel caption="E Europe" height="120" drop_target="SNAP_FRAMEITEM" background="#FFF" decorators="basicDecorator"/>
													</FrameItems>
												</Stack>
												<Stack height="150" decorators="stackDecorator">
													<FrameItems>
														<Panel caption="Metals" drop_target="SNAP_FRAMEITEM" background="#FFF" decorators="basicDecorator"/>
														<Panel caption="OPEC" height="120" drop_target="SNAP_FRAMEITEM" background="#FFF" decorators="basicDecorator"/>
													</FrameItems>	
												</Stack>
											</FrameItems>	
										</Tower>
									</FrameItems>
								</Terrace>
								<Panel caption="FX Blotter" drop_target="SNAP_FRAMEITEM" background="#FFF" height="160">
									<Decorators	xref="Declarations/Decorators[@id='basicDecorator']"/>
								</Panel>
							</FrameItems>
						</Tower>
					</Page>
					</FrameItems>
				</Stack>
			</FrameItems>
		</GUI>
</Application>